6,Color favorito
7,Comida preferida
8,Lugar de nacimiento
9,Libro favorito
10,Hobby principal
6,Color favorito
7,Comida preferida
8,Lugar de nacimiento
9,Libro favorito
10,Hobby principal
6,Color favorito
7,Comida preferida
8,Lugar de nacimiento
9,Libro favorito
10,Hobby principal
6,Color favorito
7,Comida preferida
8,Lugar de nacimiento
9,Libro favorito
10,Hobby principal
6,Color favorito
7,Comida preferida
8,Lugar de nacimiento
9,Libro favorito
10,Hobby principal
6,Color favorito
7,Comida preferida
8,Lugar de nacimiento
9,Libro favorito
10,Hobby principal
6,Color favorito
7,Comida preferida
8,Lugar de nacimiento
9,Libro favorito
10,Hobby principal
6,Color favorito
7,Comida preferida
8,Lugar de nacimiento
9,Libro favorito
10,Hobby principal
6,Color favorito
7,Comida preferida
8,Lugar de nacimiento
9,Libro favorito
10,Hobby principal
6,Color favorito
7,Comida preferida
8,Lugar de nacimiento
9,Libro favorito
10,Hobby principal
6,Color favorito
7,Comida preferida
8,Lugar de nacimiento
9,Libro favorito
10,Hobby principal
6,Color favorito
7,Comida preferida
8,Lugar de nacimiento
9,Libro favorito
10,Hobby principal
6,Color favorito
7,Comida preferida
8,Lugar de nacimiento
9,Libro favorito
10,Hobby principal
6,Color favorito
7,Comida preferida
8,Lugar de nacimiento
9,Libro favorito
10,Hobby principal
6,Color favorito
7,Comida preferida
8,Lugar de nacimiento
9,Libro favorito
10,Hobby principal
6,Color favorito
7,Comida preferida
8,Lugar de nacimiento
9,Libro favorito
10,Hobby principal
6,Color favorito
7,Comida preferida
8,Lugar de nacimiento
9,Libro favorito
10,Hobby principal
6,Color favorito
7,Comida preferida
8,Lugar de nacimiento
9,Libro favorito
10,Hobby principal
6,Color favorito
7,Comida preferida
8,Lugar de nacimiento
9,Libro favorito
10,Hobby principal
6,Color favorito
7,Comida preferida
8,Lugar de nacimiento
9,Libro favorito
10,Hobby principal
6,Color favorito
7,Comida preferida
8,Lugar de nacimiento
9,Libro favorito
10,Hobby principal
6,Color favorito
7,Comida preferida
8,Lugar de nacimiento
9,Libro favorito
10,Hobby principal
6,Color favorito
7,Comida preferida
8,Lugar de nacimiento
9,Libro favorito
10,Hobby principal
6,Color favorito
7,Comida preferida
8,Lugar de nacimiento
9,Libro favorito
10,Hobby principal
6,Color favorito
7,Comida preferida
8,Lugar de nacimiento
9,Libro favorito
10,Hobby principal
6,Color favorito
7,Comida preferida
8,Lugar de nacimiento
9,Libro favorito
10,Hobby principal
6,Color favorito
7,Comida preferida
8,Lugar de nacimiento
9,Libro favorito
10,Hobby principal
6,Color favorito
7,Comida preferida
8,Lugar de nacimiento
9,Libro favorito
10,Hobby principal
6,Color favorito
7,Comida preferida
8,Lugar de nacimiento
9,Libro favorito
10,Hobby principal
6,Color favorito
7,Comida preferida
8,Lugar de nacimiento
9,Libro favorito
10,Hobby principal
6,Color favorito
7,Comida preferida
8,Lugar de nacimiento
9,Libro favorito
10,Hobby principal
6,Color favorito
7,Comida preferida
8,Lugar de nacimiento
9,Libro favorito
10,Hobby principal
6,Color favorito
7,Comida preferida
8,Lugar de nacimiento
9,Libro favorito
10,Hobby principal
6,Color favorito
7,Comida preferida
8,Lugar de nacimiento
9,Libro favorito
10,Hobby principal
6,Color favorito
7,Comida preferida
8,Lugar de nacimiento
9,Libro favorito
10,Hobby principal
6,Color favorito
7,Comida preferida
8,Lugar de nacimiento
9,Libro favorito
10,Hobby principal
6,Color favorito
7,Comida preferida
8,Lugar de nacimiento
9,Libro favorito
10,Hobby principal
6,Color favorito
7,Comida preferida
8,Lugar de nacimiento
9,Libro favorito
10,Hobby principal
6,Color favorito
7,Comida preferida
8,Lugar de nacimiento
9,Libro favorito
10,Hobby principal
6,Color favorito
7,Comida preferida
8,Lugar de nacimiento
9,Libro favorito
10,Hobby principal
6,Color favorito
7,Comida preferida
8,Lugar de nacimiento
9,Libro favorito
10,Hobby principal
6,Color favorito
7,Comida preferida
8,Lugar de nacimiento
9,Libro favorito
10,Hobby principal
6,Color favorito
7,Comida preferida
8,Lugar de nacimiento
9,Libro favorito
10,Hobby principal
6,Color favorito
7,Comida preferida
8,Lugar de nacimiento
9,Libro favorito
10,Hobby principal
6,Color favorito
7,Comida preferida
8,Lugar de nacimiento
9,Libro favorito
10,Hobby principal
6,Color favorito
7,Comida preferida
8,Lugar de nacimiento
9,Libro favorito
10,Hobby principal
6,Color favorito
7,Comida preferida
8,Lugar de nacimiento
9,Libro favorito
10,Hobby principal
6,Color favorito
7,Comida preferida
8,Lugar de nacimiento
9,Libro favorito
10,Hobby principal
6,Color favorito
7,Comida preferida
8,Lugar de nacimiento
9,Libro favorito
10,Hobby principal
6,Color favorito
7,Comida preferida
8,Lugar de nacimiento
9,Libro favorito
10,Hobby principal
6,Color favorito
7,Comida preferida
8,Lugar de nacimiento
9,Libro favorito
10,Hobby principal
6,Color favorito
7,Comida preferida
8,Lugar de nacimiento
9,Libro favorito
10,Hobby principal
6,Color favorito
7,Comida preferida
8,Lugar de nacimiento
9,Libro favorito
10,Hobby principal
6,Color favorito
7,Comida preferida
8,Lugar de nacimiento
9,Libro favorito
10,Hobby principal
6,Color favorito
7,Comida preferida
8,Lugar de nacimiento
9,Libro favorito
10,Hobby principal
6,Color favorito
7,Comida preferida
8,Lugar de nacimiento
9,Libro favorito
10,Hobby principal
6,Color favorito
7,Comida preferida
8,Lugar de nacimiento
9,Libro favorito
10,Hobby principal
6,Color favorito
7,Comida preferida
8,Lugar de nacimiento
9,Libro favorito
10,Hobby principal
6,Color favorito
7,Comida preferida
8,Lugar de nacimiento
9,Libro favorito
10,Hobby principal
6,Color favorito
7,Comida preferida
8,Lugar de nacimiento
9,Libro favorito
10,Hobby principal
6,Color favorito
7,Comida preferida
8,Lugar de nacimiento
9,Libro favorito
10,Hobby principal
6,Color favorito
7,Comida preferida
8,Lugar de nacimiento
9,Libro favorito
10,Hobby principal
6,Color favorito
7,Comida preferida
8,Lugar de nacimiento
9,Libro favorito
10,Hobby principal
6,Color favorito
7,Comida preferida
8,Lugar de nacimiento
9,Libro favorito
10,Hobby principal
6,Color favorito
7,Comida preferida
8,Lugar de nacimiento
9,Libro favorito
10,Hobby principal
6,Color favorito
7,Comida preferida
8,Lugar de nacimiento
9,Libro favorito
10,Hobby principal
6,Color favorito
7,Comida preferida
8,Lugar de nacimiento
9,Libro favorito
10,Hobby principal
6,Color favorito
7,Comida preferida
8,Lugar de nacimiento
9,Libro favorito
10,Hobby principal
6,Color favorito
7,Comida preferida
8,Lugar de nacimiento
9,Libro favorito
10,Hobby principal
6,Color favorito
7,Comida preferida
8,Lugar de nacimiento
9,Libro favorito
10,Hobby principal
6,Color favorito
7,Comida preferida
8,Lugar de nacimiento
9,Libro favorito
10,Hobby principal
6,Color favorito
7,Comida preferida
8,Lugar de nacimiento
9,Libro favorito
10,Hobby principal
6,Color favorito
7,Comida preferida
8,Lugar de nacimiento
9,Libro favorito
10,Hobby principal
6,Color favorito
7,Comida preferida
8,Lugar de nacimiento
9,Libro favorito
10,Hobby principal
6,Color favorito
7,Comida preferida
8,Lugar de nacimiento
9,Libro favorito
10,Hobby principal
6,Color favorito
7,Comida preferida
8,Lugar de nacimiento
9,Libro favorito
10,Hobby principal
6,Color favorito
7,Comida preferida
8,Lugar de nacimiento
9,Libro favorito
10,Hobby principal
6,Color favorito
7,Comida preferida
8,Lugar de nacimiento
9,Libro favorito
10,Hobby principal
6,Color favorito
7,Comida preferida
8,Lugar de nacimiento
9,Libro favorito
10,Hobby principal
6,Color favorito
7,Comida preferida
8,Lugar de nacimiento
9,Libro favorito
10,Hobby principal
6,Color favorito
7,Comida preferida
8,Lugar de nacimiento
9,Libro favorito
10,Hobby principal
6,Color favorito
7,Comida preferida
8,Lugar de nacimiento
9,Libro favorito
10,Hobby principal
6,Color favorito
7,Comida preferida
8,Lugar de nacimiento
9,Libro favorito
10,Hobby principal
6,Color favorito
7,Comida preferida
8,Lugar de nacimiento
9,Libro favorito
10,Hobby principal
6,Color favorito
7,Comida preferida
8,Lugar de nacimiento
9,Libro favorito
10,Hobby principal
6,Color favorito
7,Comida preferida
8,Lugar de nacimiento
9,Libro favorito
10,Hobby principal
6,Color favorito
7,Comida preferida
8,Lugar de nacimiento
9,Libro favorito
10,Hobby principal
6,Color favorito
7,Comida preferida
8,Lugar de nacimiento
9,Libro favorito
10,Hobby principal
6,Color favorito
7,Comida preferida
8,Lugar de nacimiento
9,Libro favorito
10,Hobby principal
6,Color favorito
7,Comida preferida
8,Lugar de nacimiento
9,Libro favorito
10,Hobby principal
6,Color favorito
7,Comida preferida
8,Lugar de nacimiento
9,Libro favorito
10,Hobby principal
6,Color favorito
7,Comida preferida
8,Lugar de nacimiento
9,Libro favorito
10,Hobby principal
6,Color favorito
7,Comida preferida
8,Lugar de nacimiento
9,Libro favorito
10,Hobby principal
6,Color favorito
7,Comida preferida
8,Lugar de nacimiento
9,Libro favorito
10,Hobby principal
6,Color favorito
7,Comida preferida
8,Lugar de nacimiento
9,Libro favorito
10,Hobby principal
6,Color favorito
7,Comida preferida
8,Lugar de nacimiento
9,Libro favorito
10,Hobby principal
6,Color favorito
7,Comida preferida
8,Lugar de nacimiento
9,Libro favorito
10,Hobby principal
6,Color favorito
7,Comida preferida
8,Lugar de nacimiento
9,Libro favorito
10,Hobby principal
